InvoiceTotal,Email
text,
"[Boe] @ ® @ ®@ = BOO = 8 8
CREED OED
INVOICE
EXE
[. [— oes
J— Jl
+ CrnntAdaross $4520.00
ey onecrnn
puted won
Descrpion econ Owirae Avent
[—— som ; on
er e———
utter ome so . wom
en
arto a som . won
tao.
ur tem ame som : ow
enters
fo stone
Tor sso
@ © © BIE © IMB 88 ® Wav @ =O Qa @","[Boe] @ ® @ ®@ = BOO = 8 8
CREED OED
INVOICE
EXE
[. [— oes
J— Jl
+ CrnntAdaross $4520.00
ey onecrnn
puted won
Descrpion econ Owirae Avent
[—— som ; on
er e———
utter ome so . wom
en
arto a som . won
tao.
ur tem ame som : ow
enters
fo stone
Tor sso
@ © © BIE © IMB 88 ® Wav @ =O Qa @"
