USE master;
--CREATE DATABASE Univer;
CREATE DATABASE Univer_test;
GO
--USE Univer;
USE Univer_test
GO

-- DROP DATABASE Univer_test
-- Создание и заполнение таблицы AUDITORIUM_TYPE
CREATE TABLE AUDITORIUM_TYPE (
    AUDITORIUM_TYPE CHAR(10) CONSTRAINT AUDITORIUM_TYPE_PK PRIMARY KEY,
    AUDITORIUM_TYPENAME VARCHAR(30)
);

INSERT INTO AUDITORIUM_TYPE (AUDITORIUM_TYPE, AUDITORIUM_TYPENAME) VALUES ('ЛК', 'Лекционная');
INSERT INTO AUDITORIUM_TYPE (AUDITORIUM_TYPE, AUDITORIUM_TYPENAME) VALUES ('ЛБ-К', 'Компьютерный класс');
INSERT INTO AUDITORIUM_TYPE (AUDITORIUM_TYPE, AUDITORIUM_TYPENAME) VALUES ('ЛК-К', 'Лекционная с уст. проектором');
INSERT INTO AUDITORIUM_TYPE (AUDITORIUM_TYPE, AUDITORIUM_TYPENAME) VALUES ('ЛБ-X', 'Химическая лаборатория');
INSERT INTO AUDITORIUM_TYPE (AUDITORIUM_TYPE, AUDITORIUM_TYPENAME) VALUES ('ЛБ-СК', 'Спец. компьютерный класс');

-- Создание и заполнение таблицы AUDITORIUM
CREATE TABLE AUDITORIUM (
    AUDITORIUM CHAR(20) CONSTRAINT AUDITORIUM_PK PRIMARY KEY,
    AUDITORIUM_TYPE CHAR(10) CONSTRAINT AUDITORIUM_AUDITORIUM_TYPE_FK FOREIGN KEY REFERENCES AUDITORIUM_TYPE(AUDITORIUM_TYPE),
    AUDITORIUM_CAPACITY INT CONSTRAINT AUDITORIUM_CAPACITY_CHECK DEFAULT 1 CHECK (AUDITORIUM_CAPACITY BETWEEN 1 AND 300), -- вместимость
    AUDITORIUM_NAME VARCHAR(50)
);

INSERT INTO AUDITORIUM (AUDITORIUM, AUDITORIUM_NAME, AUDITORIUM_TYPE, AUDITORIUM_CAPACITY) VALUES ('206-1', '206-1', 'ЛБ-К', 15);
INSERT INTO AUDITORIUM (AUDITORIUM, AUDITORIUM_NAME, AUDITORIUM_TYPE, AUDITORIUM_CAPACITY) VALUES ('301-1', '301-1', 'ЛБ-К', 15);
INSERT INTO AUDITORIUM (AUDITORIUM, AUDITORIUM_NAME, AUDITORIUM_TYPE, AUDITORIUM_CAPACITY) VALUES ('236-1', '236-1', 'ЛК', 60);
INSERT INTO AUDITORIUM (AUDITORIUM, AUDITORIUM_NAME, AUDITORIUM_TYPE, AUDITORIUM_CAPACITY) VALUES ('313-1', '313-1', 'ЛК-К', 60);
INSERT INTO AUDITORIUM (AUDITORIUM, AUDITORIUM_NAME, AUDITORIUM_TYPE, AUDITORIUM_CAPACITY) VALUES ('324-1', '324-1', 'ЛК-К', 50);
INSERT INTO AUDITORIUM (AUDITORIUM, AUDITORIUM_NAME, AUDITORIUM_TYPE, AUDITORIUM_CAPACITY) VALUES ('413-1', '413-1', 'ЛБ-К', 15);
INSERT INTO AUDITORIUM (AUDITORIUM, AUDITORIUM_NAME, AUDITORIUM_TYPE, AUDITORIUM_CAPACITY) VALUES ('423-1', '423-1', 'ЛБ-К', 90);
INSERT INTO AUDITORIUM (AUDITORIUM, AUDITORIUM_NAME, AUDITORIUM_TYPE, AUDITORIUM_CAPACITY) VALUES ('408-2', '408-2', 'ЛК', 90);

-- Создание и заполнение таблицы FACULTY
CREATE TABLE FACULTY (
    FACULTY CHAR(10) CONSTRAINT FACULTY_PK PRIMARY KEY,
    FACULTY_NAME VARCHAR(50) DEFAULT '???'
);

INSERT INTO FACULTY (FACULTY, FACULTY_NAME) VALUES ('ХТиТ', 'Химическая технология и техника');
INSERT INTO FACULTY (FACULTY, FACULTY_NAME) VALUES ('ЛХФ', 'Лесохозяйственный факультет');
INSERT INTO FACULTY (FACULTY, FACULTY_NAME) VALUES ('ИЭФ', 'Инженерно-экономический факультет');
INSERT INTO FACULTY (FACULTY, FACULTY_NAME) VALUES ('ТТЛП', 'Технология и техника лесной промышленности');
INSERT INTO FACULTY (FACULTY, FACULTY_NAME) VALUES ('ТОВ', 'Технология органических веществ');
INSERT INTO FACULTY (FACULTY, FACULTY_NAME) VALUES ('ИТ', 'Факультет информационных технологий');

-- Создание и заполнение таблицы PROFESSION
CREATE TABLE PROFESSION (
    PROFESSION CHAR(20) CONSTRAINT PROFESSION_PK PRIMARY KEY,
    FACULTY CHAR(10) CONSTRAINT PROFESSION_FACULTY_FK FOREIGN KEY REFERENCES FACULTY(FACULTY),
    PROFESSION_NAME VARCHAR(100),
    QUALIFICATION VARCHAR(50)
);

INSERT INTO PROFESSION (FACULTY, PROFESSION, PROFESSION_NAME, QUALIFICATION) VALUES ('ИТ', '1-40 01 02', 'Информационные системы и технологии', 'инженер-программист-системотехник');
INSERT INTO PROFESSION (FACULTY, PROFESSION, PROFESSION_NAME, QUALIFICATION) VALUES ('ИТ', '1-47 01 01', 'Издательское дело', 'редактор-технолог');
INSERT INTO PROFESSION (FACULTY, PROFESSION, PROFESSION_NAME, QUALIFICATION) VALUES ('ИТ', '1-36 06 01', 'Полиграфическое оборудование и системы обработки информации', 'инженер-электромеханик');
INSERT INTO PROFESSION (FACULTY, PROFESSION, PROFESSION_NAME, QUALIFICATION) VALUES ('ХТиТ', '1-36 01 08', 'Конструирование и производство изделий из композиционных материалов', 'инженер-механик');
INSERT INTO PROFESSION (FACULTY, PROFESSION, PROFESSION_NAME, QUALIFICATION) VALUES ('ХТиТ', '1-36 07 01', 'Машины и аппараты химических производств и предприятий строительных материалов', 'инженер-механик');
INSERT INTO PROFESSION (FACULTY, PROFESSION, PROFESSION_NAME, QUALIFICATION) VALUES ('ЛХФ', '1-75 01 01', 'Лесное хозяйство', 'инженер лесного хозяйства');
INSERT INTO PROFESSION (FACULTY, PROFESSION, PROFESSION_NAME, QUALIFICATION) VALUES ('ЛХФ', '1-75 02 01', 'Садово-парковое строительство', 'инженер садово-паркового строительства');
INSERT INTO PROFESSION (FACULTY, PROFESSION, PROFESSION_NAME, QUALIFICATION) VALUES ('ЛХФ', '1-89 02 02', 'Туризм и природопользование', 'специалист в сфере туризма');
INSERT INTO PROFESSION (FACULTY, PROFESSION, PROFESSION_NAME, QUALIFICATION) VALUES ('ИЭФ', '1-25 01 07', 'Экономика и управление на предприятии', 'экономист-менеджер');
INSERT INTO PROFESSION (FACULTY, PROFESSION, PROFESSION_NAME, QUALIFICATION) VALUES ('ИЭФ', '1-25 01 08', 'Бухгалтерский учет, анализ и аудит', 'экономист');
INSERT INTO PROFESSION (FACULTY, PROFESSION, PROFESSION_NAME, QUALIFICATION) VALUES ('ТТЛП', '1-36 05 01', 'Машины и оборудование лесного комплекса', 'инженер-механик');
INSERT INTO PROFESSION (FACULTY, PROFESSION, PROFESSION_NAME, QUALIFICATION) VALUES ('ТТЛП', '1-46 01 01', 'Лесоинженерное дело', 'инженер-технолог');
INSERT INTO PROFESSION (FACULTY, PROFESSION, PROFESSION_NAME, QUALIFICATION) VALUES ('ТОВ', '1-48 01 02', 'Химическая технология органических веществ, материалов и изделий', 'инженер-химик-технолог');
INSERT INTO PROFESSION (FACULTY, PROFESSION, PROFESSION_NAME, QUALIFICATION) VALUES ('ТОВ', '1-48 01 05', 'Химическая технология переработки древесины', 'инженер-химик-технолог');
INSERT INTO PROFESSION (FACULTY, PROFESSION, PROFESSION_NAME, QUALIFICATION) VALUES ('ТОВ', '1-54 01 03', 'Физико-химические методы и приборы контроля качества продукции', 'инженер по сертификации');

-- Создание и заполнение таблицы PULPIT
CREATE TABLE PULPIT (
    PULPIT CHAR(20) CONSTRAINT PULPIT_PK PRIMARY KEY,
    PULPIT_NAME VARCHAR(100),
    FACULTY CHAR(10) CONSTRAINT PULPIT_FACULTY_FK FOREIGN KEY REFERENCES FACULTY(FACULTY)
);

INSERT INTO PULPIT (PULPIT, PULPIT_NAME, FACULTY) VALUES ('ИСиТ', 'Информационных систем и технологий', 'ИТ');
INSERT INTO PULPIT (PULPIT, PULPIT_NAME, FACULTY) VALUES ('ЛВ', 'Лесоводства', 'ЛХФ');
INSERT INTO PULPIT (PULPIT, PULPIT_NAME, FACULTY) VALUES ('ЛУ', 'Лесоустройства', 'ЛХФ');
INSERT INTO PULPIT (PULPIT, PULPIT_NAME, FACULTY) VALUES ('ЛЗиДВ', 'Лесозащиты и древесиноведения', 'ЛХФ');
INSERT INTO PULPIT (PULPIT, PULPIT_NAME, FACULTY) VALUES ('ЛКиП', 'Лесных культур и почвоведения', 'ЛХФ');
INSERT INTO PULPIT (PULPIT, PULPIT_NAME, FACULTY) VALUES ('ТиП', 'Туризма и природопользования', 'ЛХФ');
INSERT INTO PULPIT (PULPIT, PULPIT_NAME, FACULTY) VALUES ('ЛПиСПС', 'Ландшафтного проектирования и садово-паркового строительства', 'ЛХФ');
INSERT INTO PULPIT (PULPIT, PULPIT_NAME, FACULTY) VALUES ('ТЛ', 'Транспорта леса', 'ТТЛП');
INSERT INTO PULPIT (PULPIT, PULPIT_NAME, FACULTY) VALUES ('ЛМиЛЗ', 'Лесных машин и технологии лесозаготовок', 'ТТЛП');
INSERT INTO PULPIT (PULPIT, PULPIT_NAME, FACULTY) VALUES ('ТДП', 'Технологий деревообрабатывающих производств', 'ТТЛП');
INSERT INTO PULPIT (PULPIT, PULPIT_NAME, FACULTY) VALUES ('ТиДИД', 'Технологии и дизайна изделий из древесины', 'ТТЛП');
INSERT INTO PULPIT (PULPIT, PULPIT_NAME, FACULTY) VALUES ('ОХ', 'Органической химии', 'ТОВ');
INSERT INTO PULPIT (PULPIT, PULPIT_NAME, FACULTY) VALUES ('ХПД', 'Химической переработки древесины', 'ТОВ');
INSERT INTO PULPIT (PULPIT, PULPIT_NAME, FACULTY) VALUES ('ТНВиОХТ', 'Технологии неорганических веществ и общей химической технологии', 'ХТиТ');
INSERT INTO PULPIT (PULPIT, PULPIT_NAME, FACULTY) VALUES ('ПиАХП', 'Процессов и аппаратов химических производств', 'ХТиТ');
INSERT INTO PULPIT (PULPIT, PULPIT_NAME, FACULTY) VALUES ('ЭТиМ', 'Экономической теории и маркетинга', 'ИЭФ');
INSERT INTO PULPIT (PULPIT, PULPIT_NAME, FACULTY) VALUES ('МиЭП', 'Менеджмента и экономики природопользования', 'ИЭФ');
INSERT INTO PULPIT (PULPIT, PULPIT_NAME, FACULTY) VALUES ('СБУАиА', 'Статистики, бухгалтерского учета, анализа и аудита', 'ИЭФ');

-- Создание и заполнение таблицы TEACHER
CREATE TABLE TEACHER (
    TEACHER CHAR(10) CONSTRAINT TEACHER_PK PRIMARY KEY,
    TEACHER_NAME VARCHAR(100),
    GENDER CHAR(1) CHECK (GENDER IN ('м', 'ж')),
    PULPIT CHAR(20) CONSTRAINT TEACHER_PULPIT_FK FOREIGN KEY REFERENCES PULPIT(PULPIT)
);

INSERT INTO TEACHER (TEACHER, TEACHER_NAME, GENDER, PULPIT) VALUES ('СМЛВ', 'Смелов Владимир Владиславович', 'м', 'ИСиТ');

INSERT INTO TEACHER (TEACHER, TEACHER_NAME, GENDER, PULPIT) VALUES ('УРБ', 'Урбанович Павел Павлович', 'м', 'ИСиТ');
INSERT INTO TEACHER (TEACHER, TEACHER_NAME, GENDER, PULPIT) VALUES ('ГРН', 'Гурин Николай Иванович', 'м', 'ИСиТ');
INSERT INTO TEACHER (TEACHER, TEACHER_NAME, GENDER, PULPIT) VALUES ('ЖЛК', 'Жиляк Надежда Александровна', 'ж', 'ИСиТ');
INSERT INTO TEACHER (TEACHER, TEACHER_NAME, GENDER, PULPIT) VALUES ('МРЗ', 'Мороз Елена Станиславовна', 'ж', 'ИСиТ');


INSERT INTO TEACHER (TEACHER, TEACHER_NAME, GENDER, PULPIT) VALUES ('НВРВ', 'Неверов Александр Васильевич', 'м', 'МиЭП');
INSERT INTO TEACHER (TEACHER, TEACHER_NAME, GENDER, PULPIT) VALUES ('РВКЧ', 'Ровкач Андрей Иванович', 'м', 'ЛВ');
INSERT INTO TEACHER (TEACHER, TEACHER_NAME, GENDER, PULPIT) VALUES ('ДМДК', 'Демидко Марина Николаевна', 'ж', 'ЛПиСПС');
INSERT INTO TEACHER (TEACHER, TEACHER_NAME, GENDER, PULPIT) VALUES ('БРГ', 'Бурганская Татьяна Минаевна', 'ж', 'ЛПиСПС');
INSERT INTO TEACHER (TEACHER, TEACHER_NAME, GENDER, PULPIT) VALUES ('РЖК', 'Рожков Леонид Николаевич', 'м', 'ЛВ');
INSERT INTO TEACHER (TEACHER, TEACHER_NAME, GENDER, PULPIT) VALUES ('ЗВГЦВ', 'Звягинцев Вячеслав Борисович', 'м', 'ЛЗиДВ');
INSERT INTO TEACHER (TEACHER, TEACHER_NAME, GENDER, PULPIT) VALUES ('БЗБРДВ', 'Безбородов Владимир Степанович', 'м', 'ОХ');
INSERT INTO TEACHER (TEACHER, TEACHER_NAME, GENDER, PULPIT) VALUES ('НСКВЦ', 'Насковец Михаил Трофимович', 'м', 'ТЛ');

-- Создание и заполнение таблицы SUBJECT
CREATE TABLE SUBJECT (
    SUBJECT CHAR(10) CONSTRAINT SUBJECT_PK PRIMARY KEY,
    SUBJECT_NAME VARCHAR(100) UNIQUE,
    PULPIT CHAR(20) CONSTRAINT SUBJECT_PULPIT_FK FOREIGN KEY REFERENCES PULPIT(PULPIT)
);

INSERT INTO SUBJECT (SUBJECT, SUBJECT_NAME, PULPIT) VALUES ('СУБД', 'Системы управления базами данных', 'ИСиТ');
INSERT INTO SUBJECT (SUBJECT, SUBJECT_NAME, PULPIT) VALUES ('БД', 'Базы данных', 'ИСиТ');
INSERT INTO SUBJECT (SUBJECT, SUBJECT_NAME, PULPIT) VALUES ('ИНФ', 'Информационные технологии', 'ИСиТ');
INSERT INTO SUBJECT (SUBJECT, SUBJECT_NAME, PULPIT) VALUES ('ОАиП', 'Основы алгоритмизации и программирования', 'ИСиТ');
INSERT INTO SUBJECT (SUBJECT, SUBJECT_NAME, PULPIT) VALUES ('ПЗ', 'Представление знаний в компьютерных системах', 'ИСиТ');
INSERT INTO SUBJECT (SUBJECT, SUBJECT_NAME, PULPIT) VALUES ('ПСП', 'Программирование сетевых приложений', 'ИСиТ');
INSERT INTO SUBJECT (SUBJECT, SUBJECT_NAME, PULPIT) VALUES ('МСОИ', 'Моделирование систем обработки информации', 'ИСиТ');
INSERT INTO SUBJECT (SUBJECT, SUBJECT_NAME, PULPIT) VALUES ('ПИС', 'Проектирование информационных систем', 'ИСиТ');
INSERT INTO SUBJECT (SUBJECT, SUBJECT_NAME, PULPIT) VALUES ('КГ', 'Компьютерная геометрия', 'ИСиТ');

INSERT INTO SUBJECT (SUBJECT, SUBJECT_NAME, PULPIT) VALUES ('КМС', 'Компьютерные мультимедийные системы', 'ИСиТ');

INSERT INTO SUBJECT (SUBJECT, SUBJECT_NAME, PULPIT) VALUES ('ДМ', 'Дискретная математика', 'ИСиТ');
INSERT INTO SUBJECT (SUBJECT, SUBJECT_NAME, PULPIT) VALUES ('МП', 'Математическое программирование', 'ИСиТ');
INSERT INTO SUBJECT (SUBJECT, SUBJECT_NAME, PULPIT) VALUES ('ЛЭВМ', 'Логические основы ЭВМ', 'ИСиТ');
INSERT INTO SUBJECT (SUBJECT, SUBJECT_NAME, PULPIT) VALUES ('ООП', 'Объектно-ориентированное программирование', 'ИСиТ');
INSERT INTO SUBJECT (SUBJECT, SUBJECT_NAME, PULPIT) VALUES ('ЭП', 'Экономика природопользования', 'МиЭП');
INSERT INTO SUBJECT (SUBJECT, SUBJECT_NAME, PULPIT) VALUES ('ЭТ', 'Экономическая теория', 'ЭТиМ');

INSERT INTO SUBJECT (SUBJECT, SUBJECT_NAME, PULPIT) VALUES ('ОСПиЛПХ', 'Основы садово-паркового и лесопаркового хозяйства', 'ЛПиСПС');
INSERT INTO SUBJECT (SUBJECT, SUBJECT_NAME, PULPIT) VALUES ('ИГ', 'Инженерная геодезия', 'ЛУ');
INSERT INTO SUBJECT (SUBJECT, SUBJECT_NAME, PULPIT) VALUES ('ЛВ', 'Лесоводство', 'ЛЗиДВ');
INSERT INTO SUBJECT (SUBJECT, SUBJECT_NAME, PULPIT) VALUES ('ОХ', 'Органическая химия', 'ОХ');

INSERT INTO SUBJECT (SUBJECT, SUBJECT_NAME, PULPIT) VALUES ('ВТЛ', 'Водный транспорт леса', 'ТЛ');
INSERT INTO SUBJECT (SUBJECT, SUBJECT_NAME, PULPIT) VALUES ('ТиОЛ', 'Технология и оборудование лесозаготовок', 'ЛМиЛЗ');
INSERT INTO SUBJECT (SUBJECT, SUBJECT_NAME, PULPIT) VALUES ('ТОПИ', 'Технология обогащения полезных ископаемых', 'ТНВиОХТ');


-- Создание и заполнение таблицы GROUPS
CREATE TABLE GROUPS (
    IDGROUP INT IDENTITY(1,1) CONSTRAINT GROUP_PK PRIMARY KEY,
    FACULTY CHAR(10) CONSTRAINT GROUPS_FACULTY_FK FOREIGN KEY REFERENCES FACULTY(FACULTY),
    PROFESSION CHAR(20) CONSTRAINT GROUPS_PROFESSION_FK FOREIGN KEY REFERENCES PROFESSION(PROFESSION),
    YEAR_FIRST SMALLINT CHECK (YEAR_FIRST <= YEAR(GETDATE()))
);

INSERT INTO GROUPS (FACULTY, PROFESSION, YEAR_FIRST) VALUES ('ИТ', '1-40 01 02', 2013);
INSERT INTO GROUPS (FACULTY, PROFESSION, YEAR_FIRST) VALUES ('ИТ', '1-40 01 02', 2012);
INSERT INTO GROUPS (FACULTY, PROFESSION, YEAR_FIRST) VALUES ('ИТ', '1-40 01 02', 2011);
INSERT INTO GROUPS (FACULTY, PROFESSION, YEAR_FIRST) VALUES ('ИТ', '1-40 01 02', 2010);
INSERT INTO GROUPS (FACULTY, PROFESSION, YEAR_FIRST) VALUES ('ИТ', '1-47 01 01', 2013);
INSERT INTO GROUPS (FACULTY, PROFESSION, YEAR_FIRST) VALUES ('ИТ', '1-47 01 01', 2012);
INSERT INTO GROUPS (FACULTY, PROFESSION, YEAR_FIRST) VALUES ('ИТ', '1-47 01 01', 2011);
INSERT INTO GROUPS (FACULTY, PROFESSION, YEAR_FIRST) VALUES ('ИТ', '1-36 06 01', 2010);
INSERT INTO GROUPS (FACULTY, PROFESSION, YEAR_FIRST) VALUES ('ИТ', '1-36 06 01', 2013);
INSERT INTO GROUPS (FACULTY, PROFESSION, YEAR_FIRST) VALUES ('ИТ', '1-36 06 01', 2012);
INSERT INTO GROUPS (FACULTY, PROFESSION, YEAR_FIRST) VALUES ('ИТ', '1-36 06 01', 2011);
INSERT INTO GROUPS (FACULTY, PROFESSION, YEAR_FIRST) VALUES ('ХТиТ', '1-36 01 08', 2013);
INSERT INTO GROUPS (FACULTY, PROFESSION, YEAR_FIRST) VALUES ('ХТиТ', '1-36 01 08', 2012);
INSERT INTO GROUPS (FACULTY, PROFESSION, YEAR_FIRST) VALUES ('ХТиТ', '1-36 07 01', 2011);
INSERT INTO GROUPS (FACULTY, PROFESSION, YEAR_FIRST) VALUES ('ХТиТ', '1-36 07 01', 2010);
INSERT INTO GROUPS (FACULTY, PROFESSION, YEAR_FIRST) VALUES ('ТОВ', '1-48 01 02', 2012);
INSERT INTO GROUPS (FACULTY, PROFESSION, YEAR_FIRST) VALUES ('ТОВ', '1-48 01 02', 2011);
INSERT INTO GROUPS (FACULTY, PROFESSION, YEAR_FIRST) VALUES ('ТОВ', '1-48 01 05', 2013);
INSERT INTO GROUPS (FACULTY, PROFESSION, YEAR_FIRST) VALUES ('ТОВ', '1-54 01 03', 2012);
INSERT INTO GROUPS (FACULTY, PROFESSION, YEAR_FIRST) VALUES ('ЛХФ', '1-75 01 01', 2013);
INSERT INTO GROUPS (FACULTY, PROFESSION, YEAR_FIRST) VALUES ('ЛХФ', '1-75 02 01', 2012);
INSERT INTO GROUPS (FACULTY, PROFESSION, YEAR_FIRST) VALUES ('ЛХФ', '1-75 02 01', 2011);
INSERT INTO GROUPS (FACULTY, PROFESSION, YEAR_FIRST) VALUES ('ЛХФ', '1-89 02 02', 2012);
INSERT INTO GROUPS (FACULTY, PROFESSION, YEAR_FIRST) VALUES ('ЛХФ', '1-89 02 02', 2011);
INSERT INTO GROUPS (FACULTY, PROFESSION, YEAR_FIRST) VALUES ('ТТЛП', '1-36 05 01', 2013);
INSERT INTO GROUPS (FACULTY, PROFESSION, YEAR_FIRST) VALUES ('ТТЛП', '1-36 05 01', 2012);
INSERT INTO GROUPS (FACULTY, PROFESSION, YEAR_FIRST) VALUES ('ТТЛП', '1-46 01 01', 2012);
INSERT INTO GROUPS (FACULTY, PROFESSION, YEAR_FIRST) VALUES ('ИЭФ', '1-25 01 07', 2013);
INSERT INTO GROUPS (FACULTY, PROFESSION, YEAR_FIRST) VALUES ('ИЭФ', '1-25 01 07', 2012);
INSERT INTO GROUPS (FACULTY, PROFESSION, YEAR_FIRST) VALUES ('ИЭФ', '1-25 01 07', 2010);
INSERT INTO GROUPS (FACULTY, PROFESSION, YEAR_FIRST) VALUES ('ИЭФ', '1-25 01 08', 2013);
INSERT INTO GROUPS (FACULTY, PROFESSION, YEAR_FIRST) VALUES ('ИЭФ', '1-25 01 08', 2012);

-- Создание и заполнение таблицы STUDENT
CREATE TABLE STUDENT (
    IDSTUDENT INT IDENTITY(1000,1) CONSTRAINT STUDENT_PK PRIMARY KEY,
    IDGROUP INT CONSTRAINT STUDENT_GROUP_FK FOREIGN KEY REFERENCES GROUPS(IDGROUP),
    NAME NVARCHAR(100),
    BDAY DATE,
    STAMP TIMESTAMP,
    INFO XML,
    FOTO VARBINARY(MAX)
);

INSERT INTO STUDENT (IDGROUP, NAME, BDAY) VALUES (2, 'Силюк Валерия Ивановна', '12.07.1994');
INSERT INTO STUDENT (IDGROUP, NAME, BDAY) VALUES (2, 'Сергель Виолетта Николаевна', '06.03.1994');
INSERT INTO STUDENT (IDGROUP, NAME, BDAY) VALUES (2, 'Добродей Ольга Анатольевна', '09.11.1994');
INSERT INTO STUDENT (IDGROUP, NAME, BDAY) VALUES (2, 'Подоляк Мария Сергеевна', '04.10.1994');
INSERT INTO STUDENT (IDGROUP, NAME, BDAY) VALUES (2, 'Никитенко Екатерина Дмитриевна', '08.01.1994');
INSERT INTO STUDENT (IDGROUP, NAME, BDAY) VALUES (3, 'Яцкевич Галина Иосифовна', '02.08.1993');
INSERT INTO STUDENT (IDGROUP, NAME, BDAY) VALUES (3, 'Осадчая Эла Васильевна', '07.12.1993');
INSERT INTO STUDENT (IDGROUP, NAME, BDAY) VALUES (3, 'Акулова Елена Геннадьевна', '02.12.1993');
INSERT INTO STUDENT (IDGROUP, NAME, BDAY) VALUES (4, 'Плешкун Милана Анатольевна', '08.03.1992');
INSERT INTO STUDENT (IDGROUP, NAME, BDAY) VALUES (4, 'Буянова Мария Александровна', '02.06.1992');
INSERT INTO STUDENT (IDGROUP, NAME, BDAY) VALUES (4, 'Харченко Елена Геннадьевна', '11.12.1992');
INSERT INTO STUDENT (IDGROUP, NAME, BDAY) VALUES (4, 'Крученок Евгений Александрович', '11.05.1992');
INSERT INTO STUDENT (IDGROUP, NAME, BDAY) VALUES (4, 'Бороховский Виталий Петрович', '09.11.1992');
INSERT INTO STUDENT (IDGROUP, NAME, BDAY) VALUES (4, 'Мацкевич Надежда Валерьевна', '01.11.1992');
INSERT INTO STUDENT (IDGROUP, NAME, BDAY) VALUES (5, 'Логинова Мария Вячеславовна', '08.07.1995');
INSERT INTO STUDENT (IDGROUP, NAME, BDAY) VALUES (5, 'Белько Наталья Николаевна', '02.11.1995');
INSERT INTO STUDENT (IDGROUP, NAME, BDAY) VALUES (5, 'Селило Екатерина Геннадьевна', '07.05.1995');
INSERT INTO STUDENT (IDGROUP, NAME, BDAY) VALUES (5, 'Дрозд Анастасия Андреевна', '04.08.1995');
INSERT INTO STUDENT (IDGROUP, NAME, BDAY) VALUES (6, 'Козловская Елена Евгеньевна', '08.11.1994');
INSERT INTO STUDENT (IDGROUP, NAME, BDAY) VALUES (6, 'Потапнин Кирилл Олегович', '02.03.1994');
INSERT INTO STUDENT (IDGROUP, NAME, BDAY) VALUES (6, 'Равковская Ольга Николаевна', '04.06.1994');
INSERT INTO STUDENT (IDGROUP, NAME, BDAY) VALUES (6, 'Ходоронок Александра Вадимовна', '09.11.1994');
INSERT INTO STUDENT (IDGROUP, NAME, BDAY) VALUES (6, 'Рамук Владислав Юрьевич', '04.07.1994');
INSERT INTO STUDENT (IDGROUP, NAME, BDAY) VALUES (7, 'Неруганенок Мария Владимировна', '03.01.1993');
INSERT INTO STUDENT (IDGROUP, NAME, BDAY) VALUES (7, 'Цыганок Анна Петровна', '12.09.1993');
INSERT INTO STUDENT (IDGROUP, NAME, BDAY) VALUES (7, 'Масилевич Оксана Игоревна', '12.06.1993');
INSERT INTO STUDENT (IDGROUP, NAME, BDAY) VALUES (7, 'Алексиевич Елизавета Викторовна', '09.02.1993');
INSERT INTO STUDENT (IDGROUP, NAME, BDAY) VALUES (7, 'Ватолин Максим Андреевич', '04.07.1993');
INSERT INTO STUDENT (IDGROUP, NAME, BDAY) VALUES (8, 'Синица Валерия Андреевна', '08.01.1992');
INSERT INTO STUDENT (IDGROUP, NAME, BDAY) VALUES (8, 'Кудряшова Алина Николаевна', '12.05.1992');
INSERT INTO STUDENT (IDGROUP, NAME, BDAY) VALUES (8, 'Мигулина Елена Леонидовна', '08.11.1992');
INSERT INTO STUDENT (IDGROUP, NAME, BDAY) VALUES (8, 'Шпиленя Алексей Сергеевич', '12.03.1992');
INSERT INTO STUDENT (IDGROUP, NAME, BDAY) VALUES (9, 'Астафьев Игорь Александрович', '10.08.1995');
INSERT INTO STUDENT (IDGROUP, NAME, BDAY) VALUES (9, 'Гайтюкевич Андрей Игоревич', '02.05.1995');
INSERT INTO STUDENT (IDGROUP, NAME, BDAY) VALUES (9, 'Рученя Наталья Александровна', '08.01.1995');
INSERT INTO STUDENT (IDGROUP, NAME, BDAY) VALUES (9, 'Тарасевич Анастасия Ивановна', '11.09.1995');
INSERT INTO STUDENT (IDGROUP, NAME, BDAY) VALUES (10, 'Жоглин Николай Владимирович', '08.01.1994');
INSERT INTO STUDENT (IDGROUP, NAME, BDAY) VALUES (10, 'Санько Андрей Дмитриевич', '11.09.1994');
INSERT INTO STUDENT (IDGROUP, NAME, BDAY) VALUES (10, 'Пещур Анна Александровна', '06.04.1994');
INSERT INTO STUDENT (IDGROUP, NAME, BDAY) VALUES (10, 'Бучалис Никита Леонидович', '12.08.1994');
INSERT INTO STUDENT (IDGROUP, NAME, BDAY) VALUES (11, 'Лавренчук Владислав Николаевич', '07.11.1993');
INSERT INTO STUDENT (IDGROUP, NAME, BDAY) VALUES (11, 'Власик Евгения Викторовна', '04.06.1993');
INSERT INTO STUDENT (IDGROUP, NAME, BDAY) VALUES (11, 'Абрамов Денис Дмитриевич', '10.12.1993');
INSERT INTO STUDENT (IDGROUP, NAME, BDAY) VALUES (11, 'Оленчик Сергей Николаевич', '04.07.1993');
INSERT INTO STUDENT (IDGROUP, NAME, BDAY) VALUES (11, 'Савинко Павел Андреевич', '08.01.1993');
INSERT INTO STUDENT (IDGROUP, NAME, BDAY) VALUES (11, 'Бакун Алексей Викторович', '02.09.1993');
INSERT INTO STUDENT (IDGROUP, NAME, BDAY) VALUES (12, 'Бань Сергей Анатольевич', '11.12.1995');
INSERT INTO STUDENT (IDGROUP, NAME, BDAY) VALUES (12, 'Сечейко Илья Александрович', '10.06.1995');
INSERT INTO STUDENT (IDGROUP, NAME, BDAY) VALUES (12, 'Кузмичева Анна Андреевна', '09.08.1995');
INSERT INTO STUDENT (IDGROUP, NAME, BDAY) VALUES (12, 'Бурко Диана Францевна', '04.07.1995');
INSERT INTO STUDENT (IDGROUP, NAME, BDAY) VALUES (12, 'Даниленко Максим Васильевич', '08.03.1995');
INSERT INTO STUDENT (IDGROUP, NAME, BDAY) VALUES (12, 'Зизюк Ольга Олеговна', '12.09.1995');
INSERT INTO STUDENT (IDGROUP, NAME, BDAY) VALUES (13, 'Шарапо Мария Владимировна', '08.10.1994');
INSERT INTO STUDENT (IDGROUP, NAME, BDAY) VALUES (13, 'Касперович Вадим Викторович', '10.02.1994');
INSERT INTO STUDENT (IDGROUP, NAME, BDAY) VALUES (13, 'Чупрыгин Арсений Александрович', '11.11.1994');
INSERT INTO STUDENT (IDGROUP, NAME, BDAY) VALUES (13, 'Воеводская Ольга Леонидовна', '10.02.1994');
INSERT INTO STUDENT (IDGROUP, NAME, BDAY) VALUES (13, 'Метушевский Денис Игоревич', '12.01.1994');
INSERT INTO STUDENT (IDGROUP, NAME, BDAY) VALUES (14, 'Ловецкая Валерия Александровна', '11.09.1993');
INSERT INTO STUDENT (IDGROUP, NAME, BDAY) VALUES (14, 'Дворак Антонина Николаевна', '01.12.1993');
INSERT INTO STUDENT (IDGROUP, NAME, BDAY) VALUES (14, 'Щука Татьяна Николаевна', '09.06.1993');
INSERT INTO STUDENT (IDGROUP, NAME, BDAY) VALUES (14, 'Коблинец Александра Евгеньевна', '05.01.1993');
INSERT INTO STUDENT (IDGROUP, NAME, BDAY) VALUES (14, 'Фомичевская Елена Эрнестовна', '01.07.1993');
INSERT INTO STUDENT (IDGROUP, NAME, BDAY) VALUES (15, 'Бесараб Маргарита Вадимовна', '07.04.1992');
INSERT INTO STUDENT (IDGROUP, NAME, BDAY) VALUES (15, 'Бадуро Виктория Сергеевна', '10.12.1992');
INSERT INTO STUDENT (IDGROUP, NAME, BDAY) VALUES (15, 'Тарасенко Ольга Викторовна', '05.05.1992');
INSERT INTO STUDENT (IDGROUP, NAME, BDAY) VALUES (15, 'Афанасенко Ольга Владимировна', '11.01.1992');
INSERT INTO STUDENT (IDGROUP, NAME, BDAY) VALUES (15, 'Чуйкевич Ирина Дмитриевна', '04.06.1992');
INSERT INTO STUDENT (IDGROUP, NAME, BDAY) VALUES (16, 'Брель Алеся Алексеевна', '08.01.1994');
INSERT INTO STUDENT (IDGROUP, NAME, BDAY) VALUES (16, 'Кузнецова Анастасия Андреевна', '07.02.1994');
INSERT INTO STUDENT (IDGROUP, NAME, BDAY) VALUES (16, 'Томина Карина Геннадьевна', '12.06.1994');
INSERT INTO STUDENT (IDGROUP, NAME, BDAY) VALUES (16, 'Дуброва Павел Игоревич', '03.07.1994');
INSERT INTO STUDENT (IDGROUP, NAME, BDAY) VALUES (16, 'Шпаков Виктор Андреевич', '04.07.1994');
INSERT INTO STUDENT (IDGROUP, NAME, BDAY) VALUES (17, 'Шнейдер Анастасия Дмитриевна', '08.11.1993');
INSERT INTO STUDENT (IDGROUP, NAME, BDAY) VALUES (17, 'Шыгина Елена Викторовна', '02.04.1993');
INSERT INTO STUDENT (IDGROUP, NAME, BDAY) VALUES (17, 'Клюева Анна Ивановна', '03.06.1993');
INSERT INTO STUDENT (IDGROUP, NAME, BDAY) VALUES (17, 'Доморад Марина Андреевна', '05.11.1993');
INSERT INTO STUDENT (IDGROUP, NAME, BDAY) VALUES (17, 'Линчук Михаил Александрович', '03.07.1993');

-- Создание и заполнение таблицы PROGRESS
CREATE TABLE PROGRESS (
    SUBJECT CHAR(10) CONSTRAINT PROGRESS_SUBJECT_FK FOREIGN KEY REFERENCES SUBJECT(SUBJECT),
    IDSTUDENT INT CONSTRAINT PROGRESS_IDSTUDENT_FK FOREIGN KEY REFERENCES STUDENT(IDSTUDENT),
    PDATE DATE,
    NOTE INT CHECK (NOTE BETWEEN 1 AND 10)
);

INSERT INTO PROGRESS (SUBJECT, IDSTUDENT, PDATE, NOTE) VALUES ('ОАиП', 1001, '01.10.2013', 8);
INSERT INTO PROGRESS (SUBJECT, IDSTUDENT, PDATE, NOTE) VALUES ('ОАиП', 1002, '01.10.2013', 7);
INSERT INTO PROGRESS (SUBJECT, IDSTUDENT, PDATE, NOTE) VALUES ('ОАиП', 1003, '01.10.2013', 5);
INSERT INTO PROGRESS (SUBJECT, IDSTUDENT, PDATE, NOTE) VALUES ('ОАиП', 1005, '01.10.2013', 4);
INSERT INTO PROGRESS (SUBJECT, IDSTUDENT, PDATE, NOTE) VALUES ('СУБД', 1014, '01.12.2013', 5);
INSERT INTO PROGRESS (SUBJECT, IDSTUDENT, PDATE, NOTE) VALUES ('СУБД', 1015, '01.12.2013', 9);
INSERT INTO PROGRESS (SUBJECT, IDSTUDENT, PDATE, NOTE) VALUES ('СУБД', 1016, '01.12.2013', 5);
INSERT INTO PROGRESS (SUBJECT, IDSTUDENT, PDATE, NOTE) VALUES ('СУБД', 1017, '01.12.2013', 4);
INSERT INTO PROGRESS (SUBJECT, IDSTUDENT, PDATE, NOTE) VALUES ('КГ', 1018, '06.05.2013', 4);
INSERT INTO PROGRESS (SUBJECT, IDSTUDENT, PDATE, NOTE) VALUES ('КГ', 1019, '06.05.2013', 7);
INSERT INTO PROGRESS (SUBJECT, IDSTUDENT, PDATE, NOTE) VALUES ('КГ', 1020, '06.05.2013', 7);
INSERT INTO PROGRESS (SUBJECT, IDSTUDENT, PDATE, NOTE) VALUES ('КГ', 1021, '06.05.2013', 9);
INSERT INTO PROGRESS (SUBJECT, IDSTUDENT, PDATE, NOTE) VALUES ('КГ', 1022, '06.05.2013', 5);
INSERT INTO PROGRESS (SUBJECT, IDSTUDENT, PDATE, NOTE) VALUES ('КГ', 1023, '06.05.2013', 6);
